app_id,content,is_positive
10,BEST FIRST PERSON SHOOTER EVER,1
10,dark souls 1 of fps,1
10,still the best shooter to date,1
10,if you havent play this legendary game as a child what chieldhood you had,1
10,buy the game free gloves and knife if know how to put,1
10, This game is very good,1
10,its good game for you,1
10,good game but fix crash problem,1
10,i recently joined a server and it feels like 2000 again,1
10, good game but recoil is random,1
10,na ovoj igrici je Isus Hristos odrastao,1
10,This Game Is Amazing It Has My Childhood Stories I Started Playing This Game In 2015 And Played It Over 5 Years Remember My Words Old Is Gold,1
10,best FPS Game ever created,1
10,cant believe csgo updated to this,1
10,One of the best games ive ever playied,1
10,honestly so mid ong bad like fr fr yo this game DOO DOO,1
10,nostalgic game and im having fun af,1
10,this is the right way to play CS,1
10,One of the most childhood game,1
10,gdyby nie ta gra nie bylbym soba,1
10,just perfect nothing much to say,1
10,So sei que jogo esse jogos ja faz anos fodase o game kkkkkk xD,1
10,Instructions Unclear i hit my counter and now my hand hurts,1
10,very nice game much fun but a little old,1
10,Bo cua tat ca cac loai Hap Lai,1
10,Me corre esta mamada asi qie me gusta,1
10,best game on my life,1
10,old is not gold hehe,1
10,this game is so fucking good,1
10,best game to play while CS2 is still suck,1
10,intrecare este un joc foarte puternic dezvoltat,1
10,The default crosshair can go choke on my nuts,1
10,The most beautyful game in the world,1
10,best game i ever played,1
10,didnt like it i might buy it for my dad,1
10,After all these years playing warzone version i finally have the original one,1
10,Great alternative to css if you like the goldsrc style more or a more difficult aiming mechanic,1
10,no need to say anth,1
10,zombie mod with lvls and zombies are npcs,1
10,This game is very nostalgic for me,1
10,nostalgia game i love it,1
10,not as good as garfield kart,1
10,this game is golden era,1
10,this cs gave me the best memories from my childhood,1
10,one of the old time classic,1
10,got banned for no reason from most servers except from the hungarian ones,1
10,ce sa zic e ce trebe,1
10,one of the best games ever made,1
10,Good game all time best,1
10,This is a legend game,1
10,A cracked version works but the original steam one does not xd gj retards,0
10,some servers banned me for killing someone with headshot,0
10,the good old days lol,0
10,i like this game it is cool,0
10,POV you are shit in the toilet,0
10,Valve is a company run by clowns,0
10,fuck this stupid peice of shit it get the fuck off my computer,0
10,what is this a cod ripoff,0
10,Shit game kys niggerfaggot cunt ugly faced ass bitch with down syndrome faggggggot csgoempire is shit website why advertise fucking fucking duck,0
10,meh even though i have 1000 plus hours on csgo but not fun,0
10,vac banned for nothing shit company,0
10,valve likes to lick russian asshole,0
10,games full of ugly american retards,0
10,i get vac banned for nothing bb 1k hours,0
10,at this time I would not advice buying this or any other game on steam,0
10,we cant play it with Bots,0
10,the graphic are bad do you see it lol,0
10,Broken servers the old cs is dead,0
10,the Chinese players are too good,0
10,can i please have my money back i downloaded the wrong counter strike and i really wanted counterstrike global offense,0
10,56 smertei 0 killov 0 assistov kapedz,0
10,3 bucks is too much to be ashamed publicly by russian pro gamers,0
10,i have 2 hours in it but i dont remember playing it so i doubt its fun nowadays but it must have been great at some point idk and frankly idc bout counter strike,0
10,I keep getting owned all the time and I am bad,0
10,well i know its old school BUT no,0
10,the game removed on steam I would be happy if you can return it to me thanks,0
10,JUST BUY SOURCE YOU POOR FAGGOT ITS A BETTER GAME,0
10,in its current state its uber hard to find a good US server,0
10,Aca no puedo girar tranquilo loco,0
10,shity game only backtrackgame and has aids and hiv,0
10,bad game source is 10000000000000000000X better,0
10,pretty good i like it better than cs go,0
10,Stopped working and cannot find help,0
10,they removed bots from the game refunding immediately,0
10,fuck you Mic for using the fucking riot shield all the time,0
10,not working in macos now,0
10,not as fun anymore since there are more empty than full servers and little to no communication,0
10,"dosent work and i want refund it 
",0
10,"we cant play with bots and theres barerely any online Asia server
",0
10,Very good game aprt from the cheap ass Servers running 64 tick and need upgrading with the amount of money people spend on the game,0
10,the game of all time,0
10,game is shit valve pls fix,0
10,good game but get CSGO instead,0
10,I GOT BANNED FOR NOTHING,0
10,This game run like an asthmatic fuck,0
10,it is fucking cheaters game,0
10,it is old and great for its time but its just not the feel i was hoping for,0
10,This is too hard for my baby skills,0
10,i dont know is it ebcause i didnt play it when it was first out but to me it seems shit theres no competive mode and the graphics arent good either gameplay is good but id just get global offensive,0
10,why i get some black lines when i open it on open gl,0
20,"it might be old but it is good
",1
20,this game is the only other goat besides half life,1
20,not as good as tf2,1
20,tf2 but its mixed with doom,1
20,No One Will Read The Reviews On This Old Game So Imma Say Im Gay,1
20,GAME OF THE YEAR EVERY YEAR,1
20,Team fortress will never die,1
20,i pay this game so i need help to get it back,1
20,i cant play it when i join to the server the game is just  turning off help,1
20,"I like this game is have so much fun but the tf2 is little much better but this is cool to                           zajebista gra
",1
20,better than team fortress 2,1
20,well there is no bots so i guess this is better,1
20,"Is game is not as good as tf2 but it still a hell of a lot of fun
",1
20,bad game sequel is shit too,1
20,tf2 but the the first one,1
20,half life deathmatch but better,1
20,Chefman Multifunctional digital air fryer,1
20,She team on my fortress till I classic,1
20,One of my first loves,1
20,I love tfc when the female pyro held me down i was like oooooh doggie,1
20,I have no idea what im doing but its playable,1
20,Better then most AAA games,1
20,not as good as tf2 but atleast its not infected with bots,1
20,the edibles aint shit they said,1
20,old but gold even though both games are dead,1
20,pyro is fucking op as hell,1
20,good game ig kinda old tho,1
20,very good 4 a early mass multiplayer game,1
20,this game is good but fuck everything,1
20,classic more like old game ha ha funny joke,1
20,john rambo wants to know your location,1
20,This game is alive as its characters currently are in the TF2 comics,1
20,nostalgia even though i wasnt born in the 1990s,1
20,WAY better than the second one ngl,1
20,what would you do if you found your true love than your sister stole him right from you,1
20,Its like Team fortress 2 but its classic,1
20,theres missing textures on goddamm every map is there a way to fix it anyaway good game,1
20,I must say the fortress is quite the team,1
20,TF2 is much better but this is still a great game,1
20,At least there is no bots,1
20,I like it but this game is harder than tf2 for new players,1
20,SO FUCKING SHIT BUT ITS A GOOD TYPE OF SHIT LIKE A RELAXING ONE,1
20,this game is like if tf2 were for real men,1
20,i heard this game had hats where are all the hats,1
20,only this version of team fortress is real,1
20,"the classic to the beloved game tf2
",1
20,this is a game you play like once a month then delete it and i love it,1
20,it was back in 1681 and then is a cool faking awsome and let me know its a duel,1
20,ngl i actually kinda like this,1
20,Unironically more playable than casual Team Fortress 2,1
20,Horrible should be free go play Team Fortress 2,0
20,i thought well was 2fort for some reaosn and when i accidentally selected it my friend tried gaslighting me,0
20,TF2 is better and free,0
20,fun game but there was a lot of people telling me how to play the game and just being annoying overall,0
20,tbh I prefer the sequel,0
20,thes game is fuc king retarded and evry plaerer in the game is a fuc king fatass,0
20,team 2 but actually team 1,0
20,playing the same maps over and over and over make jack a dull boy,0
20,gay sex only available in 360p,0
20,Best dont buy this it is cancer,0
20,wtf this copied tf2 wtf,0
20,pls help me when i open the game the screen is black,0
20,THE HEAVY MAN IS BIG GAY AND I LIK FORTNITE BETTER CUZ IT EPIC BUT OVERALL THIS GAME IS EPIC FOR MOST EPIC GAMERS,0
20,this game is soooooo goood but it has a bit of problems like the granads there to op and make the game not fun and also tf2 is sooooooooo good and its free so yea dont get thisf,0
20,Pure shit for almost 15 years straight,0
20,game is a fuken garbage doesnt even have hats,0
20,Got bullied for being gipsy,0
20,dont buy it doom is better,0
20,nobody plays and i cant find out how to play stick to tf2,0
20,How do you even kill someone,0
20,i mean its fun but its old and barley anybody plays if anymore,0
20,"why did i bought this
",0
20,imagine tf2 but every gun is the syringe gun,0
20,scout used to have nailgun it goes brrrrrrrrrrrrrrrrr,0
20,this game is so ass just play overwatch or somthing at this point bruh,0
20,"i like it but tf2 is way better
",0
20,New HL1 update broke muh boomer shooter wtf Volvo,0
20,NO WHERE NEAR AS GOOD AS TF2,0
20,oml this game is so ass just play tf2,0
20,Meh its fine i guess,0
20,old does not equal better,0
20,old shitty version of tf2,0
20,Basically half life but with team fortress classes,0
20,I dont have is game and is very fun,0
20,TF2 Is the best game ever,0
20,Nobody has more than 2 hours on this game,0
20,just play tf2 its better and free,0
20,tfc players try not to fucking unbearable challenge,0
20,idk why yall saying this is as good as tf2 when its just an unbalanced clusterfuck of shit,0
20,tryed playing this game when i boot it up im only getting a black screen,0
20,"waste of money the game is dead i was too late to the party
",0
20,game is dead asf lol,0
20,game fucking sucks my left asscheek,0
20,Maybe im just too young to enjoy older games but this is really not enjoyable to me at all,0
20,game now laucnhes as half life this isnt half life,0
20,i just dont like the way it plays,0
20,Just play tf2 at this point,0
20,never even got to play cuz most servers are empty,0
20,the game is dead af with only 5 servers open and everyone is full with hackers,0
20,I spilt my crunchy nut cornflakes playing this game,0
130,good but why does barney have a chumtoad in his locker,1
130,Very good follow up to half life 1,1
130,"Its like half life but you play as the guard guy you pass at the beginning of the game 
",1
130,the way barney holds the crowbar pisses me off,1
130,barney survived black mesa and helped more people escape than gordon and adrian combined and didnt even have fancy alien weapon or some special armour,1
130,if you want more good half life 1 gameplay then this is the right place,1
130,i would eat a houndeye,1
130,this game was so good that they named a keyboard key after it,1
130,I like the blue one better than the green one,1
130,Its A Game Thats Basically Opposing Force But Worse Still Its A Good Game,1
130,Eh not the worst but nothing special,1
130,About that beer I owe ya,1
130,about that beer I owed ya,1
130,unironically super underrated the feeling of killing HECU soldiers as a security guard is sick,1
130,my shift key is not blue,1
130,you can play as barney from black mesa,1
130,I really wish Barney being a conspiracy theorist played a role in Half Life 2,1
130,Old school but still fun,1
130,great standalone expansion for hl 1,1
130,Keeps gameplay fresh with puzzles to solve,1
130,Still owes Gordon a bear,1
130,Barney was simping dr rosenberg,1
130,can i see your passport,1
130,very good barney is best character,1
130,What it lacks in length it makes up for in girth,1
130,Another great expansion pack but very short,1
130,barney promised himself a beer,1
130,Funi blue man kill aliens,1
130,you get to play as barney calhoun ongg,1
130,top 10 dlcs better than the game,1
130,this game owes me a beer,1
130,pretty good but not as bad as hunt down the freeman,1
130,the its me gordon barney from black mesa character,1
130,dont remember anything about it,1
130,this happened to my buddy eric once,1
130,what if scientists had evil syringes and good syringes and they inject evils with evil syringes and inject gordon freeman with good syringes,1
130,Nice short half life experiance,1
130,Was going to be on dreamcast,1
130,all of the guard are clones,1
130,Short 4 hour campaign but feels like the better parts of half life campaign,1
130,all this time spent running through black mesa and not giving freeman that beer you owe him,1
130,Good game but not even half as challenging as the main game,1
130,half life blue shift my pants,1
130,It has new props in it its the best game in the serius,1
130,amazing just like opposing force,1
130,Really fun even to this day,1
130,this barney guy seems kinda cool i hope we will see more of him,1
130,regular half life is better but this game is fun,1
130,pretty cool game i like it,1
130,Alright but i could not buy Gordon a beer,1
130,you move your mouse this stupid,0
130,cant even open the game,0
130,Do game doo doo ass of the franchise,0
130,"worst game ever just play the other games
",0
130,Incredible how far the gaming industry has come since games like this one,0
130,fuck this camera is so glitchy my eyes hurt,0
130,there is no space space core MAD,0
130,its broken in the not fun way,0
130,hate it the gameplay is terrible and the story is short,0
130,37 seconds of me screaming into my microphone as someone beats me over the head with a golf club,0
130,Good when i could play it as it broke my mouse,0
130,if you liked Opposing force DONT PLAY THIS GAME ITS SO BAD dont make the same mistake i did,0
130,this game crashed every time,0
130,if  you play this and enjoy it you need to be thrown down 31 flights of stairs,0
130,bad fnaf is better then this shitt game 1 star,0
130,blue shift more like BLUE SHIT,0
130,This game sucks more balls then my mom,0
130,The game softlocked at the very end,0
130,not as fun as the original Half Life,0
130,you start at full health,0
130,boring and bad soundtrack fr,0
130,Too much randy pitchford Grease,0
130,this game is ok not good tho when you made opposing force and then make this and then make bad models for it even if you add the og models its just not that good,0
130,where the fuck is my beer,0
130,the player does not move and the camera does not rotate,0
130,total ass the AI is so bad especially at the end of chapter four that scientist is literally hitler,0
130,this game sucks butt yo,0
130,every time i try to play its always so laggy i cant even do the first chapter also put the zombie edition on steam too please,0
130,this game made my bals shift blue,0
130,not made by valve so its weak,0
130,this game is the best game,0
130,this game dont work on no windows10,0
130,it sucks man go play opposing force its better,0
130,Barely functional first major puzzle,0
130,what if we sold a free expansion made to show off our terrible hd models for money,0
130,It will not work because my mouse get stuck in one place for the whole game so It is virtually impossible,0
130,This game is the reason why Half Life 2 exists,0
130,Its just more half life but it does not do anything new unlike opposing force you can honestly just skip it,0
130,i cant close it now i have 20 hours on it helpppp,0
130,game is 2 minutes too long for refund,0
130,half life blue shit go brr,0
130,As boring as actually doing guard duty irl,0
130,remove the last F from the title,0
130,it sucks  XD LOL xD,0
130,i hate this game but i like half life franchise but this is so boring and bad,0
130,worst game in the whole series,0
130,There is a weird bug that turn mouse acceleration on each time I launch the game and it ruined it,0
130,mid game no recommend no buy please,0
130,They should have called it Blue shit,0
130,This is very short and boring Beacause of same enemy and weapons i want new things dont buy it buy oppison force half life is very cool,0
240,Very fun game really nostalgic,1
240,Bought for textures but pretty cool overall,1
240,very fun game you can blow yourself up,1
240,val and newgen tards have no fucking clue how good this game was,1
240,I got shot and died,1
240,this is better than CS2,1
240,only play for surf servers,1
240,best counter strike game ever,1
240,Feels like there are less cheaters in this game than the new one lol,1
240,i dont know what outside is anymore,1
240,GOOD REPLACEMENT FOR CS GO ON A WEaK PC,1
240,this here is the REAL counter strike 2,1
240,uh eheahe acountearr rcstrike souhhrece,1
240,phoon really was too much for zblock,1
240,This is the best counter strike game,1
240,OLD CLASSIC AND STILL ALIVE,1
240,FIRE IN THE HOLE FIRE IN THE HOLE FIRE IN THE HOLE FIRE IN THE HOLE FIRE IN THE HOLE FIRE IN THE HOLE FIRE IN THE HOLE FIRE IN THE HOLE FIRE IN THE HOLE FIRE IN THE HOLE FIRE IN THE HOLE FIRE IN THE HOLE FIRE IN THE HOLE FIRE IN THE HOLE FIRE IN THE HOLE FIRE IN THE HOLE FIRE IN THE HOLE FIRE IN THE HOLE FIRE IN THE HOLE FIRE IN THE HOLE FIRE IN THE HOLE FIRE IN THE HOLE FIRE IN THE HOLE FIRE IN THE HOLE FIRE IN THE HOLE FIRE IN THE HOLE FIRE IN THE HOLE FIRE IN THE HOLE FIRE IN THE HOLE FIRE IN THE HOLE FIRE IN THE HOLE FIRE IN THE HOLE FIRE IN THE HOLE FIRE IN THE HOLE FIRE IN THE HOLE FIRE IN THE HOLE FIRE IN THE HOLE FIRE IN THE HOLE FIRE IN THE HOLE FIRE IN THE HOLE FIRE IN THE HOLE FIRE IN THE HOLE FIRE IN THE HOLE FIRE IN THE HOLE FIRE IN THE HOLE FIRE IN THE HOLE FIRE IN THE HOLE FIRE IN THE HOLE FIRE IN THE HOLE FIRE IN THE HOLE FIRE IN THE HOLE FIRE IN THE HOLE FIRE IN THE HOLE FIRE IN THE HOLE FIRE IN THE HOLE FIRE IN THE HOLE FIRE IN THE HOLE FIRE IN THE HOLE FIRE IN THE HOLE FIRE IN THE HOLE FIRE IN THE HOLE FIRE IN THE HOLE FIRE IN THE HOLE FIRE IN THE HOLE FIRE IN THE HOLE FIRE IN THE HOLE FIRE IN THE HOLE FIRE IN THE HOLE FIRE IN THE HOLE FIRE IN THE HOLE FIRE IN THE HOLE FIRE IN THE HOLE FIRE IN THE HOLE FIRE IN THE HOLE FIRE IN THE HOLE FIRE IN THE HOLE FIRE IN THE HOLE FIRE IN THE HOLE FIRE IN THE HOLE FIRE IN THE HOLE FIRE IN THE HOLE FIRE IN THE HOLE FIRE IN THE HOLE FIRE IN THE HOLE FIRE IN THE HOLE FIRE IN THE HOLE FIRE IN THE HOLE FIRE IN THE HOLE FIRE IN THE HOLE FIRE IN THE HOLE FIRE IN THE HOLE FIRE IN THE HOLE FIRE IN THE HOLE FIRE IN THE HOLE FIRE IN THE HOLE FIRE IN THE HOLE FIRE IN THE HOLE FIRE IN THE HOLE FIRE IN THE HOLE FIRE IN THE HOLE FIRE IN THE HOLE FIRE IN THE HOLE FIRE IN THE HOLE FIRE IN THE HOLE FIRE IN THE HOLE FIRE IN THE HOLE FIRE IN THE HOLE FIRE IN THE HOLE FIRE IN THE HOLE FIRE IN THE HOLE FIRE IN THE HOLE FIRE IN THE HOLE FIRE IN THE HOLE FIRE IN THE HOLE FIRE IN THE HOLE FIRE IN THE HOLE FIRE IN THE HOLE FIRE IN THE HOLE FIRE IN THE HOLE FIRE IN THE HOLE FIRE IN THE HOLE FIRE IN THE HOLE FIRE IN THE HOLE FIRE IN THE HOLE FIRE IN THE HOLE FIRE IN THE HOLE FIRE IN THE HOLE FIRE IN THE HOLE FIRE IN THE HOLE FIRE IN THE HOLE FIRE IN THE HOLE FIRE IN THE HOLE FIRE IN THE HOLE FIRE IN THE HOLE FIRE IN THE HOLE FIRE IN THE HOLE FIRE IN THE HOLE FIRE IN THE HOLE FIRE IN THE HOLE FIRE IN THE HOLE FIRE IN THE HOLE FIRE IN THE HOLE FIRE IN THE HOLE FIRE IN THE HOLE FIRE IN THE HOLE FIRE IN THE HOLE FIRE IN THE HOLE FIRE IN THE HOLE FIRE IN THE HOLE FIRE IN THE HOLE FIRE IN THE HOLE FIRE IN THE HOLE FIRE IN THE HOLE FIRE IN THE HOLE FIRE IN THE HOLE FIRE IN THE HOLE FIRE IN THE HOLE FIRE IN THE HOLE FIRE IN THE HOLE FIRE IN THE HOLE FIRE IN THE HOLE FIRE IN THE HOLE FIRE IN THE HOLE FIRE IN THE HOLE FIRE IN THE HOLE FIRE IN THE HOLE FIRE IN THE HOLE FIRE IN THE HOLE FIRE IN THE HOLE FIRE IN THE HOLE FIRE IN THE HOLE FIRE IN THE HOLE FIRE IN THE HOLE FIRE IN THE HOLE FIRE IN THE HOLE FIRE IN THE HOLE FIRE IN THE HOLE FIRE IN THE HOLE FIRE IN THE HOLE FIRE IN THE HOLE FIRE IN THE HOLE FIRE IN THE HOLE FIRE IN THE HOLE FIRE IN THE HOLE FIRE IN THE HOLE FIRE IN THE HOLE FIRE IN THE HOLE FIRE IN THE HOLE FIRE IN THE HOLE FIRE IN THE HOLE FIRE IN THE HOLE FIRE IN THE HOLE FIRE IN THE HOLE FIRE IN THE HOLE FIRE IN THE HOLE FIRE IN THE HOLE FIRE IN THE HOLE FIRE IN THE HOLE FIRE IN THE HOLE FIRE IN THE HOLE FIRE IN THE HOLE FIRE IN THE HOLE FIRE IN THE HOLE FIRE IN THE HOLE FIRE IN THE HOLE FIRE IN THE HOLE FIRE IN THE HOLE FIRE IN THE HOLE FIRE IN THE HOLE FIRE IN THE HOLE FIRE IN THE HOLE FIRE IN THE HOLE FIRE IN THE HOLE FIRE IN THE HOLE FIRE IN THE HOLE FIRE IN THE HOLE FIRE IN THE HOLE FIRE IN THE HOLE FIRE IN THE HOLE FIRE IN THE HOLE FIRE IN THE HOLE FIRE IN THE HOLE FIRE IN THE HOLE FIRE IN THE HOLE FIRE IN THE HOLE FIRE IN THE HOLE FIRE IN THE HOLE FIRE IN THE HOLE FIRE IN THE HOLE FIRE IN THE HOLE FIRE IN THE HOLE FIRE IN THE HOLE FIRE IN THE HOLE FIRE IN THE HOLE FIRE IN THE HOLE FIRE IN THE HOLE FIRE IN THE HOLE FIRE IN THE HOLE FIRE IN THE HOLE FIRE IN THE HOLE FIRE IN THE HOLE FIRE IN THE HOLE FIRE IN THE HOLE FIRE IN THE HOLE FIRE IN THE HOLE FIRE IN THE HOLE FIRE IN THE HOLE FIRE IN THE HOLE FIRE IN THE HOLE FIRE IN THE HOLE FIRE IN THE HOLE FIRE IN THE HOLE FIRE IN THE HOLE FIRE IN THE HOLE FIRE IN THE HOLE FIRE IN THE HOLE FIRE IN THE HOLE FIRE IN THE HOLE FIRE IN THE HOLE FIRE IN THE HOLE FIRE IN THE HOLE FIRE IN THE HOLE FIRE IN THE HOLE FIRE IN THE HOLE FIRE IN THE HOLE FIRE IN THE HOLE FIRE IN THE HOLE FIRE IN THE HOLE FIRE IN THE HOLE FIRE IN THE HOLE FIRE IN THE HOLE FIRE IN THE HOLE FIRE IN THE HOLE FIRE IN THE HOLE FIRE IN THE HOLE FIRE IN THE HOLE FIRE IN THE HOLE FIRE IN THE HOLE FIRE IN THE HOLE FIRE IN THE HOLE FIRE IN THE HOLE FIRE IN THE HOLE FIRE IN THE HOLE FIRE IN THE HOLE FIRE IN THE HOLE FIRE IN THE HOLE FIRE IN THE HOLE FIRE IN THE HOLE FIRE IN THE HOLE FIRE IN THE HOLE FIRE IN THE HOLE FIRE IN THE HOLE FIRE IN THE HOLE FIRE IN THE HOLE FIRE IN THE HOLE FIRE IN THE HOLE FIRE IN THE HOLE FIRE IN THE HOLE FIRE IN THE HOLE FIRE IN THE HOLE FIRE IN THE HOLE FIRE IN THE HOLE FIRE IN THE HOLE FIRE IN THE HOLE FIRE IN THE HOLE FIRE IN THE HOLE FIRE IN THE HOLE FIRE IN THE HOLE FIRE IN THE HOLE FIRE IN THE HOLE FIRE IN THE HOLE FIRE IN THE HOLE FIRE IN THE HOLE FIRE IN THE HOLE FIRE IN THE HOLE FIRE IN THE HOLE FIRE IN THE HOLE FIRE IN THE HOLE FIRE IN THE HOLE FIRE IN THE HOLE FIRE IN THE HOLE FIRE IN THE HOLE FIRE IN THE HOLE FIRE IN THE HOLE FIRE IN THE HOLE FIRE IN THE HOLE FIRE IN THE HOLE FIRE IN THE HOLE FIRE IN THE HOLE FIRE IN THE HOLE FIRE IN THE HOLE FIRE IN THE HOLE FIRE IN THE HOLE FIRE IN THE HOLE FIRE IN THE HOLE FIRE IN THE HOLE FIRE IN THE HOLE FIRE IN THE HOLE FIRE IN THE HOLE FIRE IN THE HOLE FIRE IN THE HOLE FIRE IN THE HOLE FIRE IN THE HOLE FIRE IN THE HOLE FIRE IN THE HOLE FIRE IN THE HOLE FIRE IN THE HOLE FIRE IN THE HOLE FIRE IN THE HOLE FIRE IN THE HOLE FIRE IN THE HOLE FIRE IN THE HOLE FIRE IN THE HOLE FIRE IN THE HOLE FIRE IN THE HOLE FIRE IN THE HOLE FIRE IN THE HOLE FIRE IN THE HOLE FIRE IN THE HOLE FIRE IN THE HOLE FIRE IN THE HOLE FIRE IN THE HOLE FIRE IN THE HOLE FIRE IN THE HOLE FIRE IN THE HOLE FIRE IN THE HOLE FIRE IN THE HOLE FIRE IN THE HOLE FIRE IN THE HOLE FIRE IN THE HOLE FIRE IN THE HOLE FIRE IN THE HOLE FIRE IN THE HOLE FIRE IN THE HOLE FIRE IN THE HOLE FIRE IN THE HOLE FIRE IN THE HOLE FIRE IN THE HOLE FIRE IN THE HOLE FIRE IN THE HOLE FIRE IN THE HOLE FIRE IN THE HOLE FIRE IN THE HOLE FIRE IN THE HOLE FIRE IN THE HOLE FIRE IN THE HOLE FIRE IN THE HOLE FIRE IN THE HOLE FIRE IN THE HOLE FIRE IN THE HOLE FIRE IN THE HOLE FIRE IN THE HOLE FIRE IN THE HOLE FIRE IN THE HOLE FIRE IN THE HOLE FIRE IN THE HOLE FIRE IN THE HOLE FIRE IN THE HOLE FIRE IN THE HOLE FIRE IN THE HOLE FIRE IN THE HOLE FIRE IN THE HOLE FIRE IN THE HOLE FIRE IN THE HOLE FIRE IN THE HOLE FIRE IN THE HOLE FIRE IN THE HOLE FIRE IN THE HOLE FIRE IN THE HOLE FIRE IN THE HOLE FIRE IN THE HOLE FIRE IN THE HOLE FIRE IN THE HOLE FIRE IN THE HOLE FIRE IN THE HOLE FIRE IN THE HOLE FIRE IN THE HOLE FIRE IN THE HOLE FIRE IN THE HOLE FIRE IN THE HOLE FIRE IN THE HOLE FIRE IN THE HOLE FIRE IN THE HOLE FIRE IN THE HOLE FIRE IN THE HOLE FIRE IN THE HOLE FIRE IN THE HOLE FIRE IN THE HOLE FIRE IN THE HOLE FIRE IN THE HOLE FIRE IN THE HOLE FIRE IN THE HOLE FIRE IN THE HOLE FIRE IN THE HOLE FIRE IN THE HOLE FIRE IN THE HOLE FIRE IN THE HOLE FIRE IN THE HOLE FIRE IN THE HOLE FIRE IN THE HOLE FIRE IN THE HOLE FIRE IN THE HOLE FIRE IN THE HOLE FIRE IN THE HOLE FIRE IN THE HOLE FIRE IN THE HOLE FIRE IN THE HOLE FIRE IN THE HOLE FIRE IN THE HOLE FIRE IN THE HOLE FIRE IN THE HOLE FIRE IN THE HOLE FIRE IN THE HOLE FIRE IN THE HOLE FIRE IN THE HOLE FIRE IN THE HOLE FIRE IN THE HOLE FIRE IN THE HOLE FIRE IN THE HOLE FIRE IN THE HOLE FIRE IN THE HOLE FIRE IN THE HOLE FIRE IN THE HOLE FIRE IN THE HOLE FIRE IN THE HOLE FIRE IN THE HOLE FIRE IN THE HOLE FIRE IN THE HOLE FIRE IN THE HOLE FIRE IN THE HOLE FIRE IN TH,1
240,Very awesome game not gonna lie even in 2023,1
240,I be bunnyhopping all over the place,1
240,IT IS A FUN GAME,1
240,required to do literally anything in Gmod,1
240,YOU CAN SPRAY HENTAI IN THIS GAME,1
240,no more purple and black textures in gmod now,1
240,Fucking makes me wanna blow my brains out everytime I play on a server,1
240,i met sugar mommy 69 while playing this,1
240,this is the new CSGO after they replaced it with that piece of shit called CS2,1
240,i surfinged for a couple year now i can say its good,1
240,Most underrated game from the cs series,1
240,its sill better than cs2,1
240,It may be old but it is better then cs2,1
240,this game makes me happy,1
240,absolute peak better than CSGO or CS2,1
240,this game is good for surf,1
240,In my opinion css is better then cs go,1
240,Game is epic play if have big pp,1
240,I literally only play zombie escape,1
240,not as good as garfield kart,1
240,i join deathmatch servers and get instantly one tapped great experience,1
240,I  bought this only to play it and for gmod maps,1
240,i wish there were like more vanilla servers but the tdm zombies and stuff is rlly addicting and fun,1
240,didnt play it in its glory days but is still fun LOLOL BHOP LOLOL SURF LOLOL JAILBREAK,1
240,used for most gmod maps and is pretty fun,1
240,thw second best game of the series,1
240,I mostly played with bots but it was very fun,1
240,Best fps Shooter Games of all time,1
240,source offensive keeps me playing,1
240,I like cs games even i had an issue with my skills on fps games,1
240,Get sceamed by russians when you dont hit a headshot on a enemy who is 30 meters away,1
240,better than that new shit,1
240,bought this so i can bunny hop across the map,1
240,not 1 game works with my controlers,0
240,Trash game waste of money,0
240,i only bought it for the GMOD textures,0
240,would be good if 30 year old virgins didnt ban me from every server,0
240,i only need the textures for gmod,0
240,"Its buggy and sometimes it does not even start
",0
240,Not a bad game but for all the exploits and wallhacks that still exist,0
240,This game truly does suck dick,0
240,"it doesnt want to make my own server or shit
",0
240,not as good as g mod,0
240,stop looking at bad reviews as an excuse not to buy this game,0
240,Early adopter of the EA practice of making a shitty multiplayer game with no single player mode,0
240,Far from the best cs game made,0
240,not a good game controls sucks ass,0
240,my kd on dust 2 bad pls fix game,0
240,HEY JON WHATS GUCCI MY NIGGA,0
240,"literally only buy this for gmod my dudes
",0
240,goofy ah lame game get global offense,0
240,what did they do to my boy,0
240,it was goated but then the server i liked playing turnd off bunny jump and  now it sucks,0
240,what a bad game i try to log in and its just like a marry go round carnival fest the fuck valve you have lost your touch i want back the insane hype gameplay of garrys mod mixed with the adams apple croaking of call of duty,0
240,got banned from a lobby cause im a kid and i just said it was my first time playing smh,0
240,Had more fun picking dingleberries,0
240,Too many cheaters just like every other vac game,0
240,this game gets compared to crack but ive done crack and its not as good,0
240,good if you like old men,0
240,I remember when I actually thought this game was fun,0
240,no it ruien my life is a shit ass game,0
240,worse veeersion of counter strike nexo zombies do not recooooooooomeenddddddddddd,0
240,a piece of shit attempt at rebooting global offensive,0
240,Fucking shitt game the sound is so ass its meaking my ass lock more shit idk XD kill me,0
240,why is it so expensive,0
240,you are 40 if you enjoy this game,0
240,t r a s h,0
240,not working anymore for me,0
240,another re ta rd ed part of that s h i t y game,0
240,I havent played much of this game what i have this game has felt pointless and no different from other shooters its really just shoot the other team till they run out of living players rinse and repeat,0
240,Please make for free pleaaaase make for free,0
240,bhop bhop bhop bhop bhop bhop bhop bhop bhop bhop bhop bhop bhop bhop bhop bhop bhop bhop bhop bhop bhop bhop bhop bhop bhop bhop bhop bhop bhop bhop bhop bhop bhop bhop bhop bhop bhop bhop bhop bhop bhop bhop bhop bhop bhop bhop bhop bhop bhop bhop bhop bhop bhop bhop bhop bhop bhop bhop bhop bhop bhop bhop bhop bhop bhop bhop bhop bhop bhop bhop bhop bhop bhop bhop bhop bhop bhop bhop bhop bhop bhop bhop bhop bhop bhop bhop bhop bhop bhop bhop bhop bhop bhop bhop bhop bhop bhop bhop bhop bhop bhop bhop bhop bhop bhop bhop bhop bhop bhop bhop bhop bhop bhop bhop bhop bhop bhop bhop bhop bhop bhop bhop bhop bhop bhop bhop bhop bhop bhop bhop bhop bhop bhop bhop bhop bhop bhop bhop bhop bhop bhop bhop bhop bhop bhop bhop bhop bhop bhop bhop bhop bhop bhop bhop bhop bhop bhop bhop bhop bhop bhop bhop bhop bhop bhop bhop bhop bhop bhop bhop bhop bhop bhop bhop bhop bhop bhop bhop bhop bhop bhop bhop bhop bhop bhop bhop bhop bhop bhop bhop bhop bhop bhop bhop bhop bhop bhop bhop bhop bhop bhop bhop bhop bhop bhop bhop bhop bhop bhop bhop bhop bhop bhop bhop bhop bhop bhop bhop bhop bhop bhop bhop bhop bhop bhop bhop bhop bhop bhop bhop bhop bhop bhop bhop bhop bhop bhop bhop bhop bhop bhop bhop bhop bhop bhop bhop bhop bhop bhop bhop bhop bhop bhop bhop bhop bhop bhop bhop bhop bhop bhop bhop bhop bhop bhop bhop,0
240,Greatest shooter game of all time is now completely dead,0
240,"this sucks just as hard as it did 3 years ago
",0
240,hmm just wanna say CS2 sucks even with the source engine,0
240,i hope they remove awps in the next counter strike,0
240,DOnt play this shit i hate valve,0
240,Only bought for missing textures on gmod,0
240,People on the online cheat which makes it hard to enjoy,0
240,bad bad bad bad bad bad bad bad bad bad bad bad bad bad bad bad bad bad bad bad bad bad bad bad bad bad bad bad bad bad bad bad bad bad bad bad bad bad bad bad bad bad bad bad bad bad bad bad bad bad bad bad bad bad bad bad bad bad bad bad bad bad bad bad bad bad bad bad bad bad bad bad bad bad bad bad bad bad bad bad bad bad bad bad bad bad bad bad bad bad bad bad bad bad bad bad bad bad bad bad bad bad bad bad bad bad bad bad bad bad bad bad bad bad bad bad bad bad bad bad bad bad bad bad bad bad bad bad bad bad bad,0
240,too many hackers who cant play with real skills,0
240,Russian servers all over the place,0
240,wULLUMx is cheater in game avoid him at all cost,0
280,Goood ragdolls and to shaders,1
280,very good idk why people hate on it,1
280,Great remake of the original,1
280,one hell of a cleaner,1
280,hmm it plays like a video game,1
280,Awesome game that started a series that will never reach 3,1
280,at least i can do stuff,1
280,it may be buggy but its fun,1
280,half life but its in source,1
280,Rest in peace gmod dlc,1
280,i seriously do not know,1
280,Best game of the year with so many bugs,1
280,half life is better then life,1
280,still better than hunt down the freeman ngl,1
280,I actually very much enjoyed this game despite it being like 25 years old,1
280,I Actually Like this version of HL1,1
280,its bad but i use it for gmod,1
280,I did not have my passport,1
280,people give it a bad rap but While not being as good as OG Half life it is still something that every Half life fan should play it feels like it was never supposed to be a remaster but more of a little project that valve made just to show the source engine capabilities it is as fun as hl1 but just with some goofy bugs,1
280,Just fun oldish graphics but everything else makes up for it,1
280,if you know what youre getting into id say this game is good just for the reasons of the many glitches that happen that makes this game a fun experience,1
280,still a bitchhh to beat all these years later,1
280,its the same half life original but with more details and ragdolls,1
280,A bit buggy but fine overall,1
280,play it good it fun and go ply gmod,1
280,Great game and now that they have the updated version in work great in Nvidia 3D unlike the old cd version which dose not even detect 3D,1
280,half life 2 is way easier for some reason,1
280,Just play the normal half life,1
280,bruh funny glitches but buy hl1 instead,1
280,im only recommending this because we wouldent have hlvrai and all that stuff if it wasent for half life source,1
280,its kinda good but the charcters look ugly,1
280,just buy half life 1,1
280,haha freeman shoot gun haha,1
280,THIS IS SO FUNNY WITH REMOTE PLAY CUZ IT MAKES 2 PEOPLE CONTROL THE SAME DUDE LMAO,1
280,the type of game that Gods play,1
280,hahah im one of the last people to plays this version of half life,1
280,why did i recommend this game,1
280,I would actually not recommend this as a first playthrough because many scenes are broken and weapons but if you have already played half life then this is a sort of funny way to come back and play this game again and is pretty funny how bad it is and for that reason alone its fun but most importantly you get half life assets for g mod,1
280,this is the best game ever ong,1
280,great game even if it is old,1
280,still waiting for half life 3,1
280,this is still worth buying if you have Black Mesa,1
280,i really hate to say it but shit aint that bad aside from the occasional bug nothing too game breaking and awful,1
280,the crowbar is shiny and the water is pretty,1
280,Gfrordon Reeman do the alien juju,1
280,this game made me want to cut off my balls multiple times,1
280,this is very good game i recommend,1
280,better than HL2 in my opinion,1
280,it got delisted its over,1
280,peak game this is better than the original and has better graphics and physics also triumphs over half life 2 and every other valve game,1
280,please dont buy this im begging you,0
280,used to think the game was good DAMM i was dumb,0
280,Yeah no black mesa is better,0
280,play normal halflife source not it,0
280,the silo guy did not open da noor on the first try,0
280,valve wont fix it so i guess its only really useful if you want extra npcs in gmod,0
280,this game is so broken lmao,0
280,Got jumpscared by broken textures,0
280,this shit is broken and buggy,0
280,DO NOT FUCKING PLAY THIS BULLSHIT BUY BLACK MESA INSTEAD,0
280,it dose not have german OR RUSSIAN,0
280,basically the same game with longer loading screens,0
280,this doesnt need to exist,0
280,Not the best half life but the glitches are funny to me,0
280,Why is there a hovering scientist,0
280,possibly the most worst remaster in history,0
280,Fix it valve fix it pls,0
280,"the updates have have been anaeelllly buttfking this game so much that the games sounds dont work as they should why valve
",0
280,This game made me piss blood and fart zen crystals,0
280,i forgot that this game got unlisted llmfao this probably wont even post,0
280,One of the ports of all time,0
280,its a massive pile of garbage,0
280,Half life without the source is better,0
280,this game is old and it i am glad games evlolved from it very frustrating,0
280,this is a stupidest source engine game I ever played,0
280,While I liked HL2 this game is not for my taste too old and buggy,0
280,Does the janitor still mop the floor during the cascade because DAYUM those floors are clean as hell,0
280,What the fuck is this,0
280,play the goddamn original version,0
280,it be gey with bugz,0
280,Its half life but source,0
280,residue processing is a very fun chapter in this version of the game,0
280,fucking fuck bitch shit fuck piss,0
280,only buy this for gmod,0
280,this port blows hot ass,0
280,THIS GAME IS TRASH not because the game is trash but the glitches are just bad,0
280,i would rather play blue shift,0
280,actually this game sucks lol,0
280,lost my progress trough a bug,0
280,this is a bad remaster,0
280,A bad buggy port to source engine and the xen is shit but i enjoyed this game just go play black mesa or play the original hl 1 i played this because i love the source engine,0
280,bugs bugs bugs gotta play with mods,0
280,no hot alien gay buttsex loving scientists,0
280,A half baked port of half life to the source engine,0
280,games kinda ass ngl its only good for gmod,0
280,only buy for gmod assets,0
280,Saying anything about this would be beating a dead horse,0
280,THERE IS NO EASY MODE GAME IS HARD FUCK YOU,0
280,This is an antiquated version of the game,0
280,just get the og game,0
300,Not that much servers but eh still good,1
300,good game but alot of grenade spam,1
300,game is very underrated good game,1
300,I just used this for a WW2 Gmod server,1
300,stars and stripes beat swastika and iron cross,1
300,if you like french people then play,1
300,I side with the nazis,1
300,Day of infamy but infested by boomers,1
300,Day of Defeat was so good they made WW2 a real thing,1
300,not bad still worth it in 2021,1
300,i like this game are so good game for muliplayer very good graphic,1
300,i mean its a dead game for the most part but fun all the same,1
300,accurate representation of world war 2,1
300,A realistic game with a tight community,1
300,fun game but its full of autistic kids and retards who spent time in there parents basement spawn killing you need to fix spawns and make maps bigger 2 dislikes and 1 like,1
300,game is amazing its counter strike but ww2,1
300,garand and mg42 are op,1
300,i remember when grandpa told me about how the germans would say the ip addresses of the other troops and scream various obscenities at them,1
300,THIS GAME IS AMAZING OMG,1
300,Day of Defeat but Directed by Michael Bay,1
300,great game love to play it with ma buddies,1
300,Great game from my childhood,1
300,whew my ass is wet,1
300,Still Better Then Cod Vanguard,1
300,i like this game because it is a combination between cs and tf2,1
300,Man this is a realy good WW2 game better than my mumma,1
300,"if you like ww ll get this
",1
300,GOTY 2005 makes me sad now,1
300,Day of Defeat Source nice game,1
300,i think valve forgot they made this,1
300,"My favorite wholesome boomer paradise game of all time 
",1
300,I shot a man and he died,1
300,One of the few multiplayer games that never gets old,1
300,Still the best fps games,1
300,one of the best games i have played,1
300,Love this game it has a loyal community as well that is fun to play with,1
300,wasnt expecting much but its still good enough,1
300,Good game for a quick match of mg42 shooting,1
300,veryy poggers will never refund,1
300,There is no excuse for how much time I spent in this game,1
300,GO GO GO GO GO GO GO GO GO GO,1
300,its a good starter game for people who like gun games and im not a beginner and i still LOVE the game its better when played with friends and family though,1
300,"a BIT OLD NOW BUT STILL DELIVERS 
",1
300,underrated valve steam game should get more deserves more love,1
300,im bad at this game but i enjoy it much even if it make me rage good geam,1
300,this game is great fun to play but its stuck in limbo because valve probably forgot that they even own this ip,1
300,its day of defeat in source,1
300,Not a bad game but day of infamy and insurgency sandstorm are imo better purchases as they have more players,1
300,This game is all around fun I love this game and is my 3rd favorite WW2 game the only problem with it is that there are a lot of pros on it so I get destroyed,1
300,angry old people playing games,1
300,i disliked pretty much everything about this game nothing is good,0
300,wot a lot of crap,0
300,it aged VERY badly lol,0
300,OLD HEAD GAME why do i shoot and my bullets dont hit,0
300,Games run by discord mods on a power trip who will ban for nothing including just talking and mods wall hack on their own servers so they wont get banned DO NOT WASTE YOUR MONEY ON THIS ITS AWFUL DISCORD MOD CAMPING FEST,0
300,this is a fucking nice game,0
300,fun game to shut your brain off and just play,0
300,All the servers are run by old guys who get triggered when ever new people buy the game and curse steam sales,0
300,i dont understand how the game works after an hour of playing,0
300,horrible game want my money back,0
300,this is a terrible game never play it its shit,0
300,the community are a bunch of old f cks who think this game is good,0
300,i lost my last braincells,0
300,it was very easy when it was new and anyone were noobs i stop playing it for years and when i started again i realised how much hackers are in this whole game,0
300,its just not my kinda game i really only got it to complete my valve game collection,0
300,sus old version of cs,0
300,this game sucks dont get it save ur money for something else dont make the mestake that i made,0
300,0 people found this review helpful,0
300,good luck finding a server without stupid rules or scumbag admins,0
300,Have fun spectating for an hour,0
300,this game really doesent well lets just say this its a ww2 tf2 wanna be kinda,0
300,No one plays this game so this game is pointless,0
300,good game but get Day of Infamy instead,0
300,dude this totally copies medal of honor what the frick,0
300,A mere shadow of the original,0
300,valve fuck you for not making a sequel to this,0
300,its raw bro so realistc id fuck it,0
300,this game is soooo revolati0nare thta evn cows fear this game cuse becaue there is no bitch with giant jiggly tits or assss  ps  i love this game becaue the sniper rifle ion this game is god like its like super wibndow maker if some one has a mod to make eaver one be naked and have hairrrrrfy dicks ill buy itin 2 seconds,0
300,only old people play it,0
300,No lo recomiendo para nada,0
300,dont get this game there are baarely any players your better of getting a newer ww2 game,0
300,nhu loz dit con ba m,0
300,TEN PULA MEA CU JOCU ASTA DE CACAT IN MORTII MATII CU RECOILU MATII,0
300,boomer yelled and banned me for being retarded,0
300,it would be fun if people still played it lmao,0
300,game suck and aiming just bad it keeps aiming up,0
300,do not install this game,0
300,i actually do not like this game,0
300,im gonna shoot my balls off,0
300,a really really bad game that is unbalanced and just as bad as the first game,0
300,i suck at this game so it sucks,0
300,if valve makes a game it always gets high ratings this game is shit its worse than tf2 there is about 10 weps,0
300,im so done with 40yo dads camping in the same spot for 20 mins with an lmg i hope yall a painfull life,0
300,just a game for gmod textures,0
300,game is a toltal waste of my time no coms means no fun add coms and i may consider likeing it otherwise no,0
300,its fun but its trash compared to the original,0
300,This game is alright but theres only two servers and both banned me for team killing once wtf fuck this game and its community,0
300,worst game i ever played,0
300,bad game i got pwned by 2 40 year olds and my hairline has receded,0
300,OG DOD is Better change my mind,0
320,nothing more fun than constantly being spawncamped and oneshotting with a pistol,1
320,HILAWIOUS DEATHSSSSS BY P H Y S I C S,1
320,ran into a bot that does alec baldwin shooting jokes,1
320,I killed someone by throwing a giant metal horse at them,1
320,way better than the FPS giants of today,1
320,dios pero que buen juego,1
320,gun gun go bang bang,1
320,more active than gmod hl2 dm,1
320,revolver or melee no balls,1
320,Its cool FPS game xD,1
320,Although it is no where near as good as the original it is fun to mess around in i think its fun enough to play as long as you have friends Deccentt Gam,1
320,die all the time LOL,1
320,A fun game with all the random gamemodes in it such as deathrun etc,1
320,i honestly do have a lot of fun playing this game with the bots n stuff,1
320,its good game to be honest,1
320,this game encourages its players to throw their furniture at other people,1
320,I dun get it is this helf life 2 or r u tryin 2 rusle my jommers,1
320,Killing people with toilets is fun,1
320,We need Half life Alyx deathmatch,1
320,This Game is still good and i like it due to it have a lot of replay value,1
320,Fun multiplayer shooter with half life theme,1
320,u can be Canocopie canbine,1
320,love throwing bombs at my friends,1
320,STARTED PLAYING WHEN FIRST RELEASED STILL LOVE IT,1
320,game barely works anymore but its kind of funny,1
320,i forgot i had this,1
320,Atom bigger than online Half life 2 Deathmatch,1
320,you shoot thing at dude,1
320,"very good game i recommend gravity gun only servers
",1
320,A fun way to wait for hl3,1
320,muy bueno mi amigo me dio palancasos en el culo y me gusto,1
320,SHE DEATHMATCH ON MY HALF TIL WE CREATE LIFE,1
320,it was a fun experience,1
320,filled with annoying bitches and campers and pussies but otherwise its ok,1
320,well its in the name,1
320,BIG SAD NO ONE PLAYS THIS GAME,1
320,"i kick ass at this game
",1
320,its fun to see people get mad over this game,1
320,Silly game where you can kill people with a toilet,1
320,Finally I can let go of my fear of getting a headcrab forcefully attached to my person,1
320,i love this game get it it is worth it,1
320,it is ok I guess,1
320,half life 2 but pvp,1
320,HOLY SHIT THIS IS FUN,1
320,vewy gud ples by it soo gud uauauauauauuauauaujauau,1
320,good PVP game but low player count,1
320,probably the best game ever,1
320,Very fun the gravity y gun makes it unquiqe over other shooters like Cs go or tfc,1
320,still updated more than tf2,1
320,i love lobbing explosives barrels at players just like how i throw beer bottles at my bitch wife,1
320,i mean its ok im sure but there arent any active vanilla servers from what i can gather so i cant recommend it,0
320,quake DM or even CS is better,0
320,just join a gmod server,0
320,Why does this cost money now,0
320,Good game but hard to run it on windows 10,0
320,This game used to be fun but it really is dying most servers are empty and whats left is not pretty,0
320,wouldnt let me play at all,0
320,Great game but not many people play now,0
320,fucking game baed me bc i cheated oe time i cs go where i was akiddo that didt know it better ad ayways the server are just caos if your ot goood i fighig ur fucked so who ever came up with this game should quit thier job,0
320,game full of mean kids,0
320,it died 400 years ago RIP,0
320,This game feels like stumbling into an alleyway in downtown detroit that is filled with broken beer bottles and used syringes,0
320,i dont like it i hate multiplayer shooters well its cheap but its same thing to throw ur money into lava but for guys who like multiplayer shooters i would recomend this but theres a lot of better shooters so NO,0
320,other people are too good at it,0
320,really clunky and unfun to play,0
320,Populated with autistic losers that assured me that they could trace my IP for making fun of them,0
320,it suxs and got it 4 free cuntz,0
320,Rip off of cod and hl2,0
320,if you want a multiplayer experience look to gmod,0
320,Everyone in this game is a dick head who is like 12 and dont understand how to not be a cunt,0
320,i shot someone in the dick,0
320,when i grab a prop with a gravity gun when im close to the enemy the prop just goes through them fix this bug please,0
320,the best game to ever exist,0
320,"this game is bad if you leave in au or nz because there are no servers
",0
320,The magnum in this game is totally balenced,0
320,FUCKING FIX YOUR GAME VALVE I FEEL LIKE IM PLAYING WITH BOTS SINCE THEY ARE NOT USING THEIR GUNS THEY LITERALLY JUST THROW GRENADES NEAR ME WHICH IS FUCKING ASSHOLE,0
320,This might be a dead game,0
320,HL2 is not so fun to play in deathmatch,0
320,Almost as dead as the hamster in the microwave from when I was 5,0
320,Valve has zero intrest in making a Half life 3,0
320,imagine the original counter strike mod for half life 1 and removing all the new weapons and upgrading it to half life 2,0
320,only buy this if you want a game to play for 7 seconds and never touch again,0
320,bought this game for no reason,0
320,It made me remember a better time,0
320,this is the worst half life sequel,0
320,The game isnt really all that fun because theres little to no players servers are mostly abandoned or full of dickheads spamming in chat all in all kinda bad,0
320,There arent a lot of weapons which i dislike,0
320,the combine walking noise is so annoying this game is terrible simply because of that,0
320,every time you spawn you just die,0
320,the game just became laggy for me i dont know why,0
320,Just play Gmod man what are you doing here,0
320,Game gets really boring after a while,0
320,nvm got banned after playing for 2 min,0
320,full of must win robots,0
320,valve likes to lick russian asshole,0
320,dead af and the few populated servers are full of hackers,0
320,about that beer i owed ya its me gordon barney from black mesa,0
320,oh god why did i buy this,0
320,This game is so motivational,0
320,this gmod gamemode is pretty banging ngl,0
340,those were nice explanations ngl,1
340,Its a tech demo sooooo,1
340,to complete this game is to accept that you will never be as cool as the Fisherman Guy,1
340,gaben voice at the end made me nut,1
340,fishman say weeoooo massive W,1
340,what a fun little game,1
340,So Small yet so joyful,1
340,i mean it is just a add on but like it is still fine,1
340,cmon its half life of course its good,1
340,Wish I could have seen more of this scrapped chapter but its pretty good try it out,1
340,When the fudge did i get this ha,1
340,Best Half Life game by far,1
340,where is the found coast,1
340,wdym half life 3 when this IS half life 3,1
340,Lost Chapter of Half Life 2,1
340,omg graphic update to hop 2 emg wth good gaem,1
340,should be worth 10000 dollars for being best evrya goty,1
340,i want the fisherman to stab me with his harpoon,1
340,short game and over priced but yet a good part of half life,1
340,still better than hunt down the freeman,1
340,When the lost coast was found,1
340,"best 11 minutes of my life
",1
340,greatest digital experience anyone could have,1
340,its a five minute cut episode from halflife 2 pretty goood,1
340,a short but fun experience,1
340,at over 9 years in development hopefully its worth the weight,1
340,Awesome after finishing half life 2 and 1 this is the best to me,1
340,i ponder how anyone can have more than half an hour on this game,1
340,"yes good for all my on steam and you can get it for free if you get half life 2
",1
340,Better than most newly released games to be honest,1
340,How Do I Have 30mins On This 5min Demo Bruh,1
340,Its a good remake of a scraped HL2 chapter,1
340,the coast is clearly there,1
340,cant pass the first part,1
340,good 30 minutes of gameplay lol,1
340,I wanna kiss gomron fee man,1
340,me when the coast is lost but its still there,1
340,This is fun to play and learn about,1
340,My computer lit on fire while playing,1
340,Valve really used to be the shit huh,1
340,best 10 minutes of my life,1
340,i just realised this is the hl2 version of uplink,1
340,I lost the Coast but then i found it,1
340,dont buy this 30 minutes of gameplay and how they made this game JUST MAKE HALF LIFE 3,1
340,Still longer than Metal Gear 5,1
340,Worth playing with the commentary on,1
340,little more than a tech demo but worth it over all,1
340,pretty light gave me flashbacks to as a child trying to spit out the communion at church and getting called out by the priest  in front of everyone,1
340,MOOOM I LOST MY COAST AGAIN,1
340,My cyberman ass enjoyed this,1
340,yes pay money for 5 minute game,0
340,Suck game it very laggy,0
340,There was no lost coast,0
340,This made me hate the Irish,0
340,The Fisherman didnt give me his leister,0
340,neat to see the history of half life but this game is ass,0
340,the game isint even telling the truth the coast is right here,0
340,"dont buy this get half life 2 this comes with it
",0
340,this was like 15 minutes of gameplay,0
340,nie wiem co mam nawet powiedziec,0
340,its like half life 2 but the map couldnt load,0
340,no idea wtf is going on,0
340,"its relatively too short and i cannot un hilight it once im done playing it
",0
340,i wanted half 2 noit this,0
340,i dont know whats going on but everytime i play this my eyes bleed,0
340,the pinnacle of human achievement,0
340,fucking hackers in this game,0
340,well its to easy to esay,0
340,get out of the negative section,0
340,the coast isnt lost at all i found it,0
340,bit mid compared to other hl games,0
340,valve likes to lick russian asshole,0
340,Small presentation of an old game,0
340,Valve has zero intrest in making a Half life 3,0
340,THIS GAME IS SO HARD,0
340,The game would have much more players if for the graphics considering made form like 1990,0
340,Its garbage the whole game lasts 15 minutes at max,0
340,case it just 6 min long,0
340,Absolute nothing of a game,0
340,why the fuck do i have 10 hours on a 10 minute tech demo,0
340,Bad BAd BAD HARD HARD HARD,0
340,this is a great example of why we have DLC in the year of our lord 2022,0
340,i wish i lost this game,0
340,WE WANT HALF LIFE 3 NOT A FUCKING CARD GAME,0
340,its ok its not the best i prefer half life 2,0
340,I THOT THIS WAS HALF LIFE 2 IM A DONT BUY THIS,0
340,i beat it in 30 minutes its just a tech demo,0
340,average trip to the long john silvers,0
340,very very very very very very very very very very very very very very very very very very very very very very very very very very very very very very very very very very very very very very very very very very very very very very very very very very very very very very very very very very very very very very very very very very very very very very very very very very very very very very very very very very very very very very very very very very very very very very very very very very very very very very very very very very very very very very very short,0
340,The coast is clearly right there,0
340,it took 10 mins to complete and it cost 26 quid luckialy i got it in the half life bundel when it was on sale,0
340,ive never seen something more buggier then an abandoned building,0
340,the coast is there its not lost,0
340,dont buy it is cringe 1 level,0
340,guys help i lost the coast again where do i find it,0
340,i dont think that this should cost as much as it does because its very short it took me about 5 minutes to complete,0
340,too short for a half life game,0
340,i beat this game in 15 minutes,0
340,eh it was good but not half life good,0
340,rubbish only plays for 15 mins,0
380,A great old game to spend a good moment and some memories from 1998,1
380,A good sequel of a sequel,1
380,do half life 1 episode 1,1
380,much nicer than the version on the orange box,1
380,i shot a lock off a fence door and never shot again because it was too loud and traumatic,1
380,The game is very good,1
380,OH NO THE CITADEL IS COLLASPING QUICK ESCAPE THE CITADEL SAVR THECIVILANS AND ESCAPE VIA THE TRAIN JUST BEFOER THE CITADLE EXPODOES,1
380,it gave my two halved lives an episode,1
380,ITS A GREAT GAME IT HAS ALOT OF LORE AND ACTION,1
380,"the last part with the the strider makes me want to delete this game but very fun cool
",1
380,Why come the skibibi tolet guy isint in this one,1
380,just more half life 2,1
380,I shot Alyx to death after she made the zombine joke,1
380,gordon freeman more like gordon ramsay lol,1
380,its even better than Half life 3,1
380,they require me to say something but yes game very good,1
380,LEAVE THE FUCKING CITY NOOoooOOoOoooOOOWWWW,1
380,The first episode of one of the best games i ever played in my life,1
380,"if you liked half life 2 play it 
",1
380,the game is fun but the part where i had to turn the FUCKING WHEEL to open the DOOR while the Antlions kept coming  AND alex didnt do jack shit made me  suicidal and gave me ptsd,1
380,haha its half life 2 2,1
380,kinda short but still so good,1
380,mid tbh but you get more screen time with bbg alyx,1
380,if your thinking of playing this then youve likely played hl2 and if so youed be dum not 2 continue the adventure,1
380,Really good continuation of the HL 2 with a bigger emphasis on having a companion,1
380,half life is consuming me,1
380,The Power of the Crowbar,1
380,very short and i could of bet it faster but overall very good,1
380,i love escaping city 17 after i blew the fuck out of the citadel,1
380,great game if you liked hl2 you need to play this,1
380,I love this og game,1
380,PLAY THE GAME IT IS BEST GAME PLAY IT NOW ITS SO GOOD PLAY HALF LIFE 2 EPISODE 1 OR ELSE,1
380,the demented scientist on the big screen wants me to have sex,1
380,this happened to my buddy jp12,1
380,one free bullet more like one ummmm idk,1
380,I liked the part with the crowbar,1
380,average day in tirana filolli house in rruga elisabet karnarvon,1
380,continous of half life 2 part 1,1
380,Playdate with Alyx Episode 1,1
380,Story Is great it looks good for a game that came out in 2005 and the gravity gun is so cool but you should play all the episodes and main game in order this episode is short only 5 hours but its fun,1
380,Skibidi toilet episode 2 part 1,1
380,i love sex episode 1,1
380,BETTER THAN HL 2 E 1,1
380,come on gordan crank that thing,1
380,Very good episode but I prefer episode 2,1
380,I thought hl2 was episode 1,1
380,i recomed highly the game great story but one issue its rlly short,1
380,Can Alyx shut the fuck up,1
380,canada2 part 2 ep 1 deluxe edition DX Directors cut,1
380,better graphics than games today,1
380,its just not for me,0
380,"puzzles and combat are terrible
",0
380,bade game but is good with the nude alyx mod,0
380,So dumb they made ts unplayable man,0
380,i did not really have fun while playing tbh just skip this one if you decide to replay all of the hl games nothing really happens anyway,0
380,i know it says not recomended but id say buy it if you want because its nothing like half life 2 story its way to short,0
380,just had ago 8 years later and not as good as i recalled very shore and looks dated now but still fun,0
380,Worst entry in the series,0
380,"the end where you have to kill the stryder is impossible i have been trying fot half an hour
",0
380,I got stuck at the elevator where you have to hit the things out of the way,0
380,this game is ok but im not a big fan of this one but if you want to try it out you can,0
380,Half life series is too damn overrated unlike may other much better games,0
380,Idk kindof added nothing to the story,0
380,its a very mediocre episode that to be honest was completely uneeded and is carried by the good gameplay that the half life 2 had this episode adds practically nothing to the story,0
380,Game is just buggy and is clearly the weakest link,0
380,would be good if it was better,0
380,the final boss sucks also i hate tf2,0
380,I got fucking friendzoned by alyx,0
380,I never thought a half life game could bore me like this,0
380,I found an unfinshed displacement,0
380,bro like why did you add slowermoveing to the big hole i dontknow why but waste if time mate,0
380,still not allowed to kill citizens,0
380,you rub against a locked door until alyx stops talking and opens it for you,0
380,just as shit as half life 2,0
380,I play this and wonder why anyone would still want half life 3,0
380,Quite a short game for so much money,0
380,6THIS GAME S FLIPPING STROINKTASS   LIKE POOO EPISODE 2 IS BERYYTER,0
380,No kitchen to send Alyx to,0
380,impossible to get past the first puzzlem shows how much of a shitty game it ism buy the original or episode 2,0
380,half life 2 but worse,0
380,Same old shit just shorter,0
380,i do not recomeend this game because its so short i prefer half lfie 2 and half life 2 ep 2,0
380,i got 99 problems and a bitch aint one of them,0
380,theres way better half life games this one is just really boring with really sucky mechanics also alyx is kinda annoying,0
380,Far too shortlived for an episode,0
380,why are these separate games,0
380,Too much crap with alyx,0
380,alyx makes the most unfunny joke of all time,0
380,"Not really the best of the series but its still pretty good
",0
380,They need to make a prequel,0
380,There is a bug where barney never follows you in the last chapter during the train transport mission,0
380,not the best of half life but its ok in my opinion,0
380,BOYCOTT VALVE UNTIL THEY FIX THEIR GAMES,0
380,beat it in less than 2 hours and got a refund,0
380,I only played this to get to episode 2,0
380,The Mudskipper and Scout Car are not present,0
380,i might play it one day,0
380,you cant kill the woman,0
380,Dude i hate the part when you must use batery to see  something its just so anoying and in many times its just meh the end which parkour was fun i dont know for max 1 dollar i recomend,0
380,A woman was following me the whole game,0
400,fun little puzzle game with annoying challenges but still fun,1
400,the game is great the puzzles are amazing and if I get stuck I try again and again and then I play a playthrough on YouTube and this is my second favorite game,1
400,amazing game with amazing mechanics,1
400,Awesome and tricky but fun puzzles,1
400,its an alright game i find it hard to understand the mechanics but thats my fault tbh,1
400,no funny british ball but there is funny cake recipe ball,1
400,PJ5118 Likes this game since 2010,1
400,i have a smooth brain so some of these i couldnt figure out for hours but still really fun,1
400,yeah its ok but the killer robot thing isnt my kind of thing you know being killed by a huge robot,1
400,maybe the greatest game ive ever played,1
400,jhaha imagine im right here and then im right there thats funny as hell man hahaha,1
400,GLaDOS made me put uranium into my cup of coffee very legit man,1
400,THE CAKE IS A LIE,1
400,i would work at aperture science,1
400,god i fucking love portal,1
400,very good game about portals,1
400,I love ita nd its a prett7y good chaling,1
400,very good game very good story very good ending,1
400,nice nice nice nice nice nostalgic nice nice nice,1
400,Never before have I been in and out of so many holes,1
400,sadly had to nuke portugal but it was a decent experience,1
400,IT IS AMAZING TRY IT OUT,1
400,the game was short but it was fun,1
400,game made my on brain cell pop,1
400,buen juego para pasar el rato,1
400,funny robot and great gameplay,1
400,glados is the original gaslight gatekeep girlboss and i forgive her for trying to kill me she was just doing her job,1
400,oh yeahh oh oh oh yeahhhh  ilove GLaDussy,1
400,wow this was actually crazy goooooooooood,1
400,The companion cube is my only friend,1
400,very fun and creative puzzles there isnt much i can say that hasnt been said a hundred times the creativity of the portals just opens up so many possibilities,1
400,glados is actually so funny,1
400,i love the puzzles and GLaDOS  but we all know the best character is the Aperture Science Weighted Companion Cube,1
400,Best Game on steam ever made,1
400,A must play get it,1
400,Gladys is so silly and the overall game is just amazing especially for people who love puzzle games,1
400,I knew about this game before but I was not expecting for it to be this good,1
400,had to play all the way through in one night bc it was so fun,1
400,It was really good and a bit challenging,1
400,it was quick and fun,1
400,easy to beat the game,1
400,funny portal physics 10 out of 10 just make sure you have enough brain power to solve the puzzles,1
400,really easy game only completed it in only 2 hours and love the lore,1
400,Valve really put their heart into the game,1
400,fun and long boss fight was too easy,1
400,Trying thinking with bugs aswell,1
400,glados gives me a girl boner,1
400,ive passed half of the game while holding computer prop,1
400,very good game lots of fun if you are good at games,1
400,the hole is too big good game tho,1
400,this game made me sad and depressed,0
400,tried jumping through a hole in real life broke a ton of bones this game is false advertising,0
400,instructions unclear still waiting for my cake,0
400,the mechanics are broken beyond belief,0
400,i want the darn cake,0
400,wher is community maps button,0
400,The cake is a lie,0
400,my true love is rotting away in the incinerator,0
400,I CANT HAVE SEX WITH THE CAKE,0
400,hop on the treadmill and fix tf2 you lazy bastards,0
400,i am in your walls,0
400,i threw my steam deck across the room because of  the glitchy ass turrets being harder than elden ring,0
400,this also made my urine fucking boil,0
400,i can beat this game in 2 seconds,0
400,Once you beat its boring a lot,0
400,so bad i shoot portal and go throuhg and no but no telpeort,0
400,i hate this game its stupid,0
400,its craasp becus i em olny fyve end ist fery dad fer mey and ist crep,0
400,reminds me of portal 2,0
400,game gave me motuon sckness,0
400,Chad can easily beat glados in a fight,0
400,never play this fucken game ever,0
400,the boss fiat is hart,0
400,chamber 18 sucks like how are you suposed to do it,0
400,it 2 hard 4 m,0
400,can not sex da sexy cube,0
400,Got mauled by some turrets,0
400,this game is absolutely terrible and im trying to install half an hor after playing it,0
400,"Gave birth to the most ancient meme known to man
",0
400,who tf even played this game fr,0
400,If you are a casual player dont try is verry hard,0
400,this game is straight ass,0
400,camera shy and long jump are bugged,0
400,you play as a woman but im sexist so no go,0
400,Dude this game was supposed to be fun why did it scared me that much,0
400,it taken me 3 hours to complete and im bored so im getting portal 2 but i need to delete this bc no storage,0
400,i wann speedrun but im slow,0
400,Never really understood the hype around this game,0
400,its liek portel 2 but   worce with badder grafics,0
400,I say a dislike cuz it is small and pretty boring you better get portal 2,0
400,cant have sex with glados,0
400,game is no bueno cuz the killed my dawg the canmpaioan cube,0
400,why are you reading this you should have gotten this for free,0
400,this game is racist towards the ai of the world,0
400,save yourself some money and dont buy this,0
400,I complete failure compared to the sequel,0
400,the loading time is bad 20 sec of game 20 sec load over and over if i would have played 1 first i would have never got two but i got two than one dont do it just get two,0
400,SHITTY FUCKING GASME THE ACVANCED LEVELS WITH THE 4TH ONE THERES NOTHING YOU CAN FUCKING DO THIS GAME IS A EXCUSE THIS GAME IS FUCKING SHIT,0
400,Very stupid game and a waste of everyone time,0
400,welcome to the idiot section,0
420,Give it back to me,1
420,its a good hl2 episode,1
420,this is so fun but to all the new players just know that you will never have full health,1
420,I still believe in HL3,1
420,haha look who didnt buy it,1
420,My patience has been utterly ruined and I was left heartbroken at the same time,1
420,THEY KILLED MY FUCKING BOYWIFE ELI,1
420,shouldve not watched any videos about this game spoiled way too much,1
420,big dog half life 2 episode two,1
420,This Game is what games should be,1
420,this was the favorite episode out of the three episodes,1
420,I owned it before it was merged with HL2 btw,1
420,Wonderfull ending to half life 2 cant wait for HL3,1
420,I was not prepared for unforseen consequences,1
420,When half life 3 valve,1
420,another great continuation to Half life 2 with only some goofy annoyin glitches and game difficulties,1
420,I will eventually carry the gnome to the end just let me cook,1
420,pretty sigma hlaf life game,1
420,Wished I was the hunter,1
420,Au revoir you beautiful game,1
420,Amazing but part 2 since valve cant count to 3,1
420,i never want to see another bloody gnome ever again,1
420,just as good as the rest of course however has the most sad clifhanger and you guys still havent made hl2 ep3 or lets say hl3 however i still do love this and i really do hope this gets continued in the future,1
420,yeah that was a good game,1
420,this game is fucking awesome,1
420,this one is even better than the original HL2 imo,1
420,whoever made that fucking strider segment needs their house burned down,1
420,gordon freeman you will pay,1
420,Funny guy in a suit tries to blow up a giant portal,1
420,This game made me tickle my pickle,1
420,The most painful fkn cliffhanger of the century,1
420,who else has the episodes before the 20th anniversary update,1
420,Truly a work of art,1
420,She Half on my life till im a Freeman,1
420,this could be peak half life,1
420,"yes yes get the game its good its so so good
",1
420,portal 2 reference so i play this game more than the first episode,1
420,worst ending to a game ever,1
420,i like the scheckly and giggs part,1
420,a must have must play through,1
420,Is cool but cant play it anymore,1
420,EVEN BETTER THAN TH E PREVIOUS ONE,1
420,made me feel like i was mitchell shephard,1
420,you should try this game if u didnt play it before,1
420,gnome chompski my favorite astronaut,1
420,cant buy it anymore go play the og half life 2 to play it how can you even see this,1
420,i think hunters should become meat,1
420,I couldnt even finish the game because of alyx being a little b and standing up in the gawd damn car and then when i leave and come back she despawns like brudda PLEASEE LET ME FINISH THE GAME ITS SO GOOODDDD,1
420,more half life me like,1
420,Please make Half life 3,1
420,DAM FUGGIN HARD GAM IT SUX GABEN U ASS I GNNA FIND U AND KIL U U FAGGOT I FUCKIN H8 U ASSSFUCK U WAT MUNY U FUCKTARD GO FUCK YOUR MOMAAA ASSSFUCK FUKA UUUUUUUUUUUUUUUUUUUUUUUUUUUUUUUUUUUUU DIP BITCH TIS SUX DUNT PLEY TIS SHJIT,0
420,I play this and I wonder why people want half life 3 still,0
420,paid money for this then it got removed entirely and i did not get refunded the money i paid for this,0
420,i think it should balance the final round of striders,0
420,GOOD GAME BUT SOME LEVELS ARE SO HARD ITS UNPLAYABLE AND EPIOSODE 1 NOT WORTH BUYING TO VALVE LAZY CANT EVEN MAKE HL3 AFTER 20 YEARS,0
420,i want barney i want barney,0
420,i lost most of my progress it sucks,0
420,biggest fucking cliffhanger in history,0
420,valve are too busy make cute little achievement like sendig the wee gnome child to space instead make the zippity darn third game for this shyte,0
420,JUst does not work on my pc,0
420,how could you do this to us,0
420,worst fucking last mission fucking big ass monsters wont stop coming and no gear everywhere fuck this game,0
420,gnome chompski despawned when i put him on a table in chapter 5,0
420,the game is unfinished it needs more story and gameplay at the end like eli talks about some ship to destroy but we never get to see it,0
420,i dont hate the game but one of the achievements which is the gnome going to space like this game was made 15 years ago ro something just to actually launch to space which is stupid newell used up valuable resources and time they could ve made half life 3 but no i HATE half life,0
420,so sad well never get an ending,0
420,this game copied skibidi toilet,0
420,more difficult than I want to tackle,0
420,"this game is a pain inmy ass
",0
420,It left us on a cliffhanger,0
420,ending fight is way to hard,0
420,Ending was so good they changed it thirteen years later,0
420,great game but i put the stupid gnome in the rocket and didnt get an achievment,0
420,you cant have sex with the dying woman,0
420,In between yes and no,0
420,HALF LIFE 3 HALF LIFE 3 HALF LIFE 3 HALF LIFE 3 HALF LIFE 3,0
420,Just play Hunt Down the Freeman,0
420,Why is the end so hard,0
420,FUCK YOU I DONT WANNA DOWNLOAD STEAM DECK ASS SUPPORT FOR 2 WHOLE GIGS,0
420,worst half life game in my opinion with the worst being the strider magnussen device battle,0
420,Worst Unresolved Cliffhanger of All Time,0
420,Ended on a cliffhanger and i want HL3 fuk you gabe you fat jew,0
420,i did the space gnome achevment and i did not get it bitch ass game,0
420,tons of enemies with barely any available hp making combat near impossible,0
420,the ending is the only thing that sucks,0
420,"bro this game is bullshit like i save a checkpoint and it didnt load me in every single checkpoint bruh VALVE be making dog shit fr
",0
420,i lost my tv remote and i cant watch this episode now,0
420,not even worth the one dollar payed for this shit,0
420,this is why I dont go to burger king,0
420,friendship ended with gaben marc laidlaw is my new bestfriend,0
420,get u r shid togetger valve,0
420,sad ending not taking down reveiw until they change it,0
420,The first two chapters sucks,0
420,this is the best half life 2 game there is but with that being said like half life 2 its incredibility boring,0
420,it fucking sucks it wont let me fucking play under the radar chapter 5 i cant even make it out the fucking garage,0
420,they changed how aux power works again,0
420,worst game of the year,0
420,Change my mind with a number 3,0
420,not worth the 56 terabytes,0
420,it was ok but not worth the money in my opinion,0
550,the graphics look amazing even tho its an old ass game,1
550,amazing game just with they made left4dead 3 it has lots of mods to choose from and you can play over and over with out getting board i give this 5 stars,1
550,Left 4 Dead 2 Is an awesome game that people forget about,1
550,i like the furry butt mods very demure very special,1
550,best old gen game ive played,1
550,A classic valve game that deserves a play at least 1 time through,1
550,Very fun game to play with a friend can get a bit crazy,1
550,the modding community are on LSD while making these mods,1
550,great shooter game and feels very arcade like plus great mods and ive been playing this game since like 2013 when i was three so i am a bit biased,1
550,Best zombie coop shooter of my life,1
550,the game is just really fun play it guys buy and play l4d2,1
550,Still the best zombie game out there,1
550,I wish I had a bile of puke irl,1
550,"i had it only for 1h and it was the best 1h
",1
550,too much mods forgot what vanila game look like,1
550,meow meow meow meow meow,1
550,RAGHHHHHHHHH I LOVE LEFT FOR DEAD,1
550,It would be even better if the update speed were faster,1
550,you can frying pan zombies,1
550,amazing way to spend time with friends,1
550,I love killing zombies as Dante wielding the parallel falchion,1
550,ima be a one man cheeseburger apocalypse,1
550,yeah maybe im lated to play this game but its still gave me my childhood,1
550,its fun to play and even funner to play with friends,1
550,super fun mods are super good,1
550,back 4 blood better obviously,1
550,Game was great as a kid and even better now with mods,1
550,best game ever left 4 dead 2 is the best zombie game you will ever find nothing can match left 4 dead 2,1
550,Good Game for Story Multiplayer,1
550,yeah its pretty good but dont play versus,1
550,hell is empty and the overwolrd is full,1
550,"Great game with a lot of intresting stuff
",1
550,you can mod rule34 arts as medikits,1
550,Very good game plus the mods are funny,1
550,still fun to play after how many years,1
550,this game is so good i wish black people were real,1
550,a old game but a good game,1
550,its so fun when your playing with friends,1
550,I remember playing this game as a kid and its still fun even on single player,1
550,This is another treasure made by valve,1
550,Steam Classic for a reason,1
550,better played with a friends,1
550,zombie dont like me esspecialy the witch,1
550,Very action packed with a lot of maps to success you need good teamwork,1
550,pretend this is a cool reveiw,1
550,top 5 game of all time,1
550,this is really good game i liked it alot the guns and graphics for  a game made in 2008 is really good i like that a lot,1
550,Pretty Good for shooting things I guess,1
550,valve knows how to make games,1
550,Still a great game just like i remembered it,1
550,BRUHHHH HOW IS IT 2 DOLLARS AND I GOT IT WHEN IT WAS 10 BRO I WANT 8 DOLLARS BACK BRO WTF,0
550,Most garbage community ive ever encountered,0
550,you really have to hate yourself to play this,0
550,Fix the model bug i can no longer use special infected mods,0
550,worst game ive ever played,0
550,the game suck even after the last update,0
550,some crackhead made this for sure,0
550,Couch is a fat slut,0
550,this game makes me wanna kms bc of randoms but i still play this game everyday idk why,0
550,its super fun a must play game,0
550,"The last stand update ruined the group server not they arent showing idiot developers intentionally blocked this dont update this crap
",0
550,"Este juego es para monos con VIH gordos
",0
550,this game is the worst is bleach so rememeber to burn your computer if you have this do not even try it but overall  i think they need to add a little bit more pills into the game just because there pills only prublum,0
550,you cant have sex and suck ellis toes,0
550,most stink game of all time,0
550,If u are alone playing this game its so bad,0
550,With the latest update I can no longer play as single player,0
550,this game broke steam when i installed it kept saying the game was running and ive tried everything to fix it so not happy,0
550,steam is shit like always,0
550,Novelty Shrek mods are the only redeemable factor of this game,0
550,i think this is a good game,0
550,steam can i have a review please im bagon,0
550,brigey123 called me a racial slur,0
550,this game bad because it has zombies and guns in it,0
550,full of prepubescent russians clip farming skeets lol,0
550,playing solo is a horrible the survivor AI is the worst i have seen,0
550,it was so good miss it everyday nothing but fat neckbearded talentless losers play it now with modded game servers cant even play a normal l4d2 game damn rip to this legendary game,0
550,the zombies are coming league better plus mundo top diff,0
550,My favourite thing to spectate in the whole world,0
550,saffron y tadeo le gusta este basura,0
550,The worst video game in the universe,0
550,"MAKE LEFT 4 DEAD 3
",0
550,mine wont work at all it keeps saying im missing somthing,0
550,"Game is so bad that if you alt tab the game dies
",0
550,dont play it on shrooms,0
550,a heavily under rated game,0
550,my friend left a bad review on my fav game so now this game is ass,0
550,the worst zombie videogame ever,0
550,Bro like why inst my game in my library anymore wtf are you all doing give me my fucking game back,0
550,false banned with no reason,0
550,This game is so boring,0
550,The game crash everytime before entering the loby,0
550,playin this joint on my super taco,0
550,worst game i ever played its only fun with friends,0
550,Purple francis is fucking dead,0
550,girno govana say yes gaem epic mch yes yes,0
550,this game is a burden,0
550,this game sucks and so does valve,0
550," i hate this virgin community for god sake i just say kill the niggas and they kick me for real fuckingpussys virgin until his stupud fucking 40s cant stand a fucking joke
",0
550,i buy the game and is not working,0
620,its a fun game when u play alone,1
620,Easy and story less than 10 Hours,1
620,i want glados to step on me,1
620,they could never make me hate you glados baby,1
620,one of the best games i have played,1
620,Portal 2 multiplayer is a great game for 2 idiots to put their minds together,1
620,very cool and fun game,1
620,Hands down one of the greatest puzzlers of all time,1
620,both portal games are awesome,1
620,A game with alot of portals,1
620,Great levels and some are difficult too but it is great,1
620,wheatley is a professional british yapper,1
620,it is a fun strategy game with cool  features,1
620,How did I miss out on such a masterpiece during all these years,1
620,yeah decent game must play,1
620,"so how are you holding this beacuse im a potato
",1
620,My mother trapped me in a cage and started gas idk what it is,1
620,Great story line great game,1
620,I regret not playing this sooner i really do suck,1
620,game very bery good i love portato 2,1
620,This blows portal 1 out of the water,1
620,best puzzle game of all time,1
620,fun and awesome and frick you tux3go,1
620,I am attracted to wheatley,1
620,I AM NOT A MORON,1
620,Valve deserves a medal for this master piece,1
620,Ohne of the best game ever,1
620,haha funny robot go brr plus tasty looking gel,1
620,This game has good humor,1
620,goes without much saying but this is one of the greatest games ever conceived by man,1
620,one of the best games of all time,1
620,ah yes the mental strains I got by not knowing what to do in co op chamber something something and then noticing I have a friend with me,1
620,One of the absolute greatest games ever made,1
620,its fun and the story line is alsome,1
620,the birthday present was a lie,1
620,super cool i love it and it makes me wanna kms,1
620,lemons got so popular that they added them to real life,1
620,one of the best games of all times,1
620,100x better than portal 1 and also fun story and fun game and fun portal gun also if you buy it during a steam sale you can get it for really really cheap,1
620,good game and good humor,1
620,this review is a lie,1
620,portal 2 is a classic for a reason,1
620,you do portals but number 2,1
620,P O R T A L,1
620,dont trust the blue robot,1
620,Top 10 Valve games frfr,1
620,on the way to 1 million reviews,1
620,Okay now THIS is epic,1
620,I LOVE THIS GAME I LOVE THIS GAME I LOVE THIS GAME I LOVE THIS GAME I LOVE THIS GAME I LOVE THIS GAME I LOVE THIS GAME I LOVE THIS GAME I LOVE THIS GAME I LOVE THIS GAME I LOVE THIS GAME I LOVE THIS GAME I LOVE THIS GAME I LOVE THIS GAME I LOVE THIS GAME I LOVE THIS GAME I LOVE THIS GAME I LOVE THIS GAME I LOVE THIS GAME I LOVE THIS GAME I LOVE THIS GAME I LOVE THIS GAME I LOVE THIS GAME I LOVE THIS GAME I LOVE THIS GAME I LOVE THIS GAME I LOVE THIS GAME I LOVE THIS GAME I LOVE THIS GAME I LOVE THIS GAME I LOVE THIS GAME I LOVE THIS GAME I LOVE THIS GAME I LOVE THIS GAME I LOVE THIS GAME I LOVE THIS GAME I LOVE THIS GAME I LOVE THIS GAME I LOVE THIS GAME I LOVE THIS GAME I LOVE THIS GAME I LOVE THIS GAME I LOVE THIS GAME I LOVE THIS GAME I LOVE THIS GAME I LOVE THIS GAME I LOVE THIS GAME I LOVE THIS GAME I LOVE THIS GAME I LOVE THIS GAME I LOVE THIS GAME I LOVE THIS GAME I LOVE THIS GAME I LOVE THIS GAME,1
620,good game also made by the creator of steam,1
620,just part of the negative boys 4Head,0
620,How do I get out of the Extended Relaxation Center,0
620,Sex Penis Raided Sex with putin beeta,0
620,Glados is too mean he said that i am stupid and orphan,0
620,cant make love to the robot,0
620,not hot sex with glados,0
620,fun po0rtal game but sadly i cant make purtal to spopngebo dimension so bad game,0
620,the game needs a revamp,0
620,Static noise artifacts issue on some surfaces still no fixed,0
620,I KEEP LOSING THE FUCKING ROCK PAPER SCISSORS,0
620,overrated idc what u say,0
620,apature tag the paintgun initiative is not compatible for me,0
620,im lost in dis bitch,0
620,i really liked this meme but i couldnt find the stupid game,0
620,Hole game 2 but this time with slime instead of substance,0
620,The main villain is incredibly lame,0
620,I HATE WHEATLY HE RUININED MY WHOLE LIFE I WANNA KILL HIM,0
620,put oval go other oval magic,0
620,its a good game i put no because i love red,0
620,"THIS GAME GIVES ME A HEADACHE
",0
620,this game is making me hate myself,0
620,this is my 13th reason why,0
620,this game makes me want to vomit and hurts my brain,0
620,my coop member too small in the brain for this game because he is 2 iq,0
620,it got removed from my account what the fuck man,0
620,"GET THE GAME TO KNOW ALT F4
",0
620,would not happen to me,0
620,i fucking hate this game it ruined my life i lost everything,0
620,i have a bug it on the first chapter after i wake up it not thinktohelpme,0
620,good pacing but poor puzzles imo,0
620,this game is an absolute masterpiece,0
620,game sucks not fun is a scam,0
620,Not really my game style,0
620,this game focuses on your intelligence so it sux,0
620,i odn like this game friend keep hacking he went through walls cry,0
620,its the best game ever,0
620,I want to portal deeper,0
620,imagine if valve kept caring as much they did with this game,0
620, spade wont play with me lol,0
620,i wish you could have sex wiht the space core,0
620,B U L L    S H I T,0
620,my game crashes every 3 sec when i open it up,0
620,it fucked up my mic trying to play coop,0
620,dumb game where you have a gun and make holes,0
620,i dont understand what activision tried to do with this game,0
620,do not play this game for as long as i have played this game under any circumstance,0
620,i cannot get you monster,0
620,i feel betrayed by a metal ball,0
620,"THE GAME CANT RUN ON INTEL CORE DUO I WANT MAH MONEE BACH
",0
620,i dont like this game because is not my type and for me is boring,0
730,my sexual organs have shrunk since playing this game however i can now do some smoke line ups and gamble my money for blues great game,1
730,very good game with allot of polish ppl and russians,1
730,i sold all my crates too early,1
730,my life is miserable since i downloaded this game,1
730,sigma game if u like russians,1
730,i didnt like anything but ill still reccomend,1
730,game should get some more tinkering but overall the game is pretty good,1
730,a nostalgic game with visual improvement and more fluid move,1
730,I like to counter strike my balls,1
730,this game maybe is gonna give you depression but i like it,1
730,new tickrate system is oure enjoy,1
730,GOOD GAME TO PLAY WITH FRIENDS,1
730,will make you uninstall irl,1
730,Good Game if you like hypertension,1
730,old cs is better TT,1
730,From a big piece of shit to a small piece of shit slowly,1
730,ravi yleoba mara dabolilze raushavs,1
730,omrumu yedi ama buna deger,1
730,very good game and very good community,1
730,if u have gf dont play it,1
730,i like it but so many hackers and shit anti cheat,1
730,learning russian by the day,1
730,I WAS YOUNG ONCE TOO YA KNOW,1
730,i like calling people dalbaoeb and pidorasi ebani,1
730,everybody look to the left everybody look to the right very good pro gamer i pro,1
730,i love long metal bars,1
730,i want cs go back,1
730,whoever invented cases is a genius,1
730,The best game in the world,1
730,made me addicted to nitrous,1
730,AHHH SKEET SKEET A BANG BANG NEEGER,1
730,Pilns ar krieviem bet ir ok ja ir mute,1
730,Helps and destroys mental health,1
730,i kill terrorists to compensate for the day of the tragedy,1
730,Good but some people not nice,1
730,we took the piss out them,1
730,good game but bad aim,1
730,yung nova i make bodies appear,1
730,its funn until there is a cheater so you hawe to join them to beat them,1
730,alot of cheaters though a good game,1
730,this is the biggest piece of shit,1
730,i like the theme that pretty much sums it up i think,1
730,got called the n word and a saintly twink in the same game,1
730,i diepiswed i need a old gold,1
730,You need to have 5K hours minimum and playing on silver to enjoy this game,1
730,good game but ther is allot of cheater,1
730,helped me figure out who i hate the most,1
730,the best of the best,1
730,Me play me die me try again me got shot by spinnig jumping guy me cry me uninstall,1
730,this game is relly good i play this game for 10h,1
730,dont play this game nothing but hacker,0
730,i had to sell for csgo skins i am verry happy but the kids hate me they say ima psycho because i sold my left nutscak for 5 euro steam currency pls send help im castrated,0
730,fucking niggers tm8s russian dont know how to fucking play because theyre fucking retarted,0
730,PICE OF SHIT GAME UITH CHEATERS AND AI SOFTWARE  THAT KNOWS WHEN U NEED TO WIN OR TO LOOSE BUT NO AI TO SEE CHEATERS,0
730,bad game full of cheaters,0
730,WILL RECOMMEND WHEN VAC FINALLY GOES LIVE,0
730,all hackers cant even play without a hacker ruining it,0
730,game nhu con cac connect nhu cai loz hack thi tran lan,0
730,bad game feels like a csgo knock off,0
730,chud gf keeps beating me in 1v1s,0
730,I GOT VAC BANNED WHEN I DIDNT DO ANYTHING,0
730,The best HvH simulator on the market,0
730,You make millions off this game get an anticheat,0
730,this game crash a lot,0
730,counter strike more like c u n t e r strike,0
730,MR TISM SUCKS HE KILLED ME,0
730,you need prime to level up,0
730,fucking absolut beautiful game with absolut disgusting shit players and shit teammates,0
730,this game makes me want to rip my eye balls out with a rusty fork,0
730,Make a fucking anti cheat dawg,0
730,I can find less cheater on Tinder,0
730,More cheaters than in dating apps,0
730,this game is so good that sucks,0
730,i dont know what this game is punishing me for,0
730,I SUCK D AT IT,0
730,i got reported for being better then somebody who had thousands of hours,0
730,nvm im a cheater again,0
730,worse then csgo and war thunder,0
730,recoil bad and is still bad,0
730,so many hacker with whole team spam report and no review that why people going to valorant lmao,0
730,i downloaded this game and then i got vac banned,0
730,i get kicked by vac in the middle of the game multiple times even though i dont cheat,0
730,okkkokkk so im playingg office and i diee casue im playing one handed thsi isnt even fairrr,0
730,BOYCOTT TILL 128 TICK SERVERS,0
730,game stress but game addict,0
730,The game crashes to often i use windows 11 and rtx 3060 i5 12600kf and its only this game i dont know if people have the same issues,0
730,this game is so trash like its not that hard to make a good anti cheat so i can have some fun,0
730,ppoopoo but i still play please dsave urflesves,0
730,I keep disconecting for no reason,0
730,tis gemi sucki give caenr,0
730,massive lag spikes even with 20 ping  only game able to keep up with this joke of a netcode is hearthstone,0
730,Fuck you valve you ruined a perfectly good game,0
730,matchmaking time is very much it takes about more than 30 minutes to match which not even i enter please solve this issue overall very good game,0
730,shit ass game with alot of cheaters wont be on top like it used to be,0
730,it has caused me immense pain,0
730,damn this game so hard aimbot everywhere,0
730,this game is trash value so stupit fuck vapue,0
730,i hate this game i now have a gamballing addiction,0
730,so much cheater and shit cheater is bad game now,0
730,Hate saying this but somehow Valorant has better servers,0
